gambar,stadium
10253_idx5_x501_y351_class1.png,1
10253_idx5_x501_y351_class2.png,1
10253_idx5_x501_y351_class3.png,1
10253_idx5_x501_y351_class4.png,1
abienofefbbcunxzgpol.jpg,1
abienofefbbcunxzgpol1.jpg,1
abienofefbbcunxzgpol2.jpg,1
abienofefbbcunxzgpol3.jpg,1
akbhalbfzhtrhhupxack.jpg,1
akbhalbfzhtrhhupxack1.jpg,1
akbhalbfzhtrhhupxack2.jpg,1
akfcuspuesvspynxpble.jpg,1
akfcuspuesvspynxpble1.jpg,1
akfcuspuesvspynxpble2.jpg,1
akfcuspuesvspynxpble3.jpg,1
amkttcumxxqslggcsphu.jpg,1
amkttcumxxqslggcsphu1.jpg,1
amkttcumxxqslggcsphu2.jpg,1
amkttcumxxqslggcsphu3.jpg,1
amqfoxxvefvqalotagqz.jpg,1
amqfoxxvefvqalotagqz1.jpg,1
amqfoxxvefvqalotagqz3.jpg,1
ayziftbzeegqixinawbj.jpg,1
ayziftbzeegqixinawbj1.jpg,1
ayziftbzeegqixinawbj2.jpg,1
ayziftbzeegqixinawbj3.jpg,1
bgqmdlupcqfczqvtczvj.jpg,1
bgqmdlupcqfczqvtczvj1.jpg,1
bgqmdlupcqfczqvtczvj2.jpg,1
bgqmdlupcqfczqvtczvj3.jpg,1
bmtkxaexkyfcrvwctwkg.jpg,1
bmtkxaexkyfcrvwctwkg2.jpg,1
bmtkxaexkyfcrvwctwkg3.jpg,1
bohmgzcnwcjutxbjdxob.jpg,1
bohmgzcnwcjutxbjdxob1.jpg,1
bohmgzcnwcjutxbjdxob2.jpg,1
bohmgzcnwcjutxbjdxob3.jpg,1
bpjsjnwcvbtxhxisnupr.jpg,1
bpjsjnwcvbtxhxisnupr1.jpg,1
bpjsjnwcvbtxhxisnupr2.jpg,1
bpjsjnwcvbtxhxisnupr3.jpg,1
btlgxuskrhzqzbjexsmi.jpg,1
btlgxuskrhzqzbjexsmi1.jpg,1
btlgxuskrhzqzbjexsmi2.jpg,1
btlgxuskrhzqzbjexsmi3.jpg,1
bwjxfgiavboicjxkoguk (2).jpg,1
bwjxfgiavboicjxkoguk.jpg,1
bwjxfgiavboicjxkoguk1.jpg,1
bwjxfgiavboicjxkoguk2.jpg,1
bwjxfgiavboicjxkoguk3.jpg,1
cavedrndqpgbjvspqmry.jpg,1
cavedrndqpgbjvspqmry1.jpg,1
cavedrndqpgbjvspqmry2.jpg,1
cavedrndqpgbjvspqmry3.jpg,1
dpzjverrnltqqjatlisy - Copy.jpg,1
dpzjverrnltqqjatlisy.jpg,1
dpzjverrnltqqjatlisy1.jpg,1
dpzjverrnltqqjatlisy2.jpg,1
dpzjverrnltqqjatlisy3.jpg,1
evmafcdxhjoyjbxrgple - Copy.jpg,1
evmafcdxhjoyjbxrgple.jpg,1
evmafcdxhjoyjbxrgple1.jpg,1
evmafcdxhjoyjbxrgple3.jpg,1
fdaiwjkeachgqncoofag - Copy.jpg,1
fdaiwjkeachgqncoofag.jpg,1
fdaiwjkeachgqncoofag1.jpg,1
fdaiwjkeachgqncoofag2.jpg,1
fdaiwjkeachgqncoofag3.jpg,1
fewxnxjowjypzbmlwwmx - Copy.jpg,1
fewxnxjowjypzbmlwwmx.jpg,1
fewxnxjowjypzbmlwwmx1.jpg,1
fewxnxjowjypzbmlwwmx2.jpg,1
fhclfvsgcnrwvslygxdx - Copy.jpg,1
fhclfvsgcnrwvslygxdx.jpg,1
fhclfvsgcnrwvslygxdx1.jpg,1
fhclfvsgcnrwvslygxdx2.jpg,1
fhclfvsgcnrwvslygxdx3.jpg,1
gavkvbpsvtdzfcbzzcvu - Copy.jpg,1
gavkvbpsvtdzfcbzzcvu - Copy1.jpg,1
gavkvbpsvtdzfcbzzcvu - Copy2.jpg,1
gavkvbpsvtdzfcbzzcvu - Copy3.jpg,1
gavkvbpsvtdzfcbzzcvu.jpg,1
gavkvbpsvtdzfcbzzcvu1.jpg,1
gavkvbpsvtdzfcbzzcvu2.jpg,1
gavkvbpsvtdzfcbzzcvu3.jpg,1
ghgyeerxxdwydcnxiswv - Copy.jpg,1
ghgyeerxxdwydcnxiswv - Copy1.jpg,1
ghgyeerxxdwydcnxiswv - Copy2.jpg,1
ghgyeerxxdwydcnxiswv - Copy3.jpg,1
ghgyeerxxdwydcnxiswv.jpg,1
ghgyeerxxdwydcnxiswv2.jpg,1
ghgyeerxxdwydcnxiswv3.jpg,1
gmjjvdxxjpylqjgayuax.jpg,1
gmjjvdxxjpylqjgayuax2.jpg,1
gmjjvdxxjpylqjgayuax3.jpg,1
htgrlqgiwxudqvmfszjh - Copy.jpg,1
htgrlqgiwxudqvmfszjh.jpg,1
htgrlqgiwxudqvmfszjh1.jpg,1
htgrlqgiwxudqvmfszjh2.jpg,1
htgrlqgiwxudqvmfszjh3.jpg,1
hyvixormxswsorntowli - Copy.jpg,1
hyvixormxswsorntowli.jpg,1
hyvixormxswsorntowli1.jpg,1
hyvixormxswsorntowli3.jpg,1
itkdeckwphqizcsdqbol.jpg,1
itkdeckwphqizcsdqbol1.jpg,1
itkdeckwphqizcsdqbol2.jpg,1
itkdeckwphqizcsdqbol3.jpg,1
ixrvnyyrbrjsvpafvjjt - Copy.jpg,1
ixrvnyyrbrjsvpafvjjt - Copy2.jpg,1
ixrvnyyrbrjsvpafvjjt - Copy3.jpg,1
jmdtnqgmlgfbkqyxuiza - Copy.jpg,1
jmdtnqgmlgfbkqyxuiza - Copy1.jpg,1
jmdtnqgmlgfbkqyxuiza - Copy3.jpg,1
jpvgilcmuibtounyswes - Copy.jpg,1
jpvgilcmuibtounyswes.jpg,1
jpvgilcmuibtounyswes1.jpg,1
jpvgilcmuibtounyswes2.jpg,1
jpvgilcmuibtounyswes3.jpg,1
jsqlrdbefkldqveaujgz.jpg,1
jsqlrdbefkldqveaujgz1.jpg,1
jsqlrdbefkldqveaujgz2.jpg,1
jsqlrdbefkldqveaujgz3.jpg,1
kiijrjzgrfjdljvovsja - Copy1.jpg,1
kiijrjzgrfjdljvovsja - Copy2.jpg,1
kiijrjzgrfjdljvovsja - Copy3.jpg,1
kiijrjzgrfjdljvovsja.jpg,1
kjutnxjedepvsgnpkxdw - Copy.jpg,1
kjutnxjedepvsgnpkxdw - Copy1.jpg,1
kjutnxjedepvsgnpkxdw - Copy2.jpg,1
kjutnxjedepvsgnpkxdw - Copy3.jpg,1
kjutnxjedepvsgnpkxdw.jpg,1
kljfygxghdgmphggxlib - Copy.jpg,1
kljfygxghdgmphggxlib1.jpg,1
kljfygxghdgmphggxlib2.jpg,1
kljfygxghdgmphggxlib3.jpg,1
kwvolbyzqxbvmbcujisc - Copy.jpg,1
kwvolbyzqxbvmbcujisc - Copy1.jpg,1
kwvolbyzqxbvmbcujisc - Copy2.jpg,1
kwvolbyzqxbvmbcujisc - Copy3.jpg,1
lfzklnmcgrqmuwgwbhyv - Copy.jpg,1
lfzklnmcgrqmuwgwbhyv - Copy1.jpg,1
lfzklnmcgrqmuwgwbhyv - Copy2.jpg,1
lhveaqmxbinfmubwwcwo - Copy.jpg,1
lhveaqmxbinfmubwwcwo - Copy1.jpg,1
lhveaqmxbinfmubwwcwo - Copy2.jpg,1
lhveaqmxbinfmubwwcwo - Copy3.jpg,1
mklnzupbzzodhkiejbmm - Copy.jpg,1
mklnzupbzzodhkiejbmm - Copy1.jpg,1
mklnzupbzzodhkiejbmm - Copy2.jpg,1
mklnzupbzzodhkiejbmm - Copy3.jpg,1
multomndyvkfygbyqqls - Copy.jpg,1
multomndyvkfygbyqqls - Copy1.jpg,1
multomndyvkfygbyqqls - Copy3.jpg,1
ncyurucxmgpdvxzgmkuh - Copy.jpg,1
ncyurucxmgpdvxzgmkuh - Copy1.jpg,1
ncyurucxmgpdvxzgmkuh - Copy2.jpg,1
ncyurucxmgpdvxzgmkuh - Copy3.jpg,1
nicptndjiahqitntnjwm - Copy.jpg,1
nicptndjiahqitntnjwm - Copy1.jpg,1
nicptndjiahqitntnjwm - Copy2.jpg,1
nicptndjiahqitntnjwm - Copy3.jpg,1
nrtefqnyicdxlohnnwij - Copy.jpg,1
nrtefqnyicdxlohnnwij - Copy1.jpg,1
nrtefqnyicdxlohnnwij - Copy2.jpg,1
nrtefqnyicdxlohnnwij - Copy3.jpg,1
orjivtknmmydbpmgccmx - Copy.jpg,1
orjivtknmmydbpmgccmx - Copy1.jpg,1
orjivtknmmydbpmgccmx - Copy2.jpg,1
orjivtknmmydbpmgccmx - Copy3.jpg,1
ovrydmjzxvsimqrkokwg - Copy.jpg,1
owldioptcjaczclpdygy - Copy.jpg,1
pcsqpumwtwhfigvycvrm - Copy.jpg,1
pdrmnhydhbbaezpyrept - Copy.jpg,1
phviabxabesnbgroecdj - Copy.jpg,1
pomtidevrgrzobkmqext - Copy.jpg,1
psltrgxofcdwwrpztclb - Copy.jpg,1
pvwbpzoeyeufbftbfmzu - Copy.jpg,1
qnpflodkxvxykrnumyyi - Copy.jpg,1
qtmeqdzgmfxirlivaogo - Copy.jpg,1
sabegkzbksbkujiedebm - Copy.jpg,1
skqgioubhqlbmkyjmlli - Copy - Copy.jpg,1
socpnfqqrqrfuppaiqqc.jpg,1
socpnfqqrqrfuppaiqqc1.jpg,1
socpnfqqrqrfuppaiqqc2.jpg,1
stuvebfnfnmwagwqwwmq - Copy - Copy.jpg,1
tiqrzqigmvcykfibcfie - Copy - Copy.jpg,1
tnjfasrmicuhqulzumtj - Copy - Copy.jpg,1
tnjfasrmicuhqulzumtj.jpg,1
tnjfasrmicuhqulzumtj1.jpg,1
tqhafjalkmcqcmqjwhrh - Copy - Copy.jpg,1
tuyduwqpilptnwvdgfio - Copy - Copy.jpg,1
uabwjvrvtgugyonltykc.jpg,1
uabwjvrvtgugyonltykc2.jpg,1
ujuuwftptwlamuttlekm - Copy - Copy.jpg,1
umzxqfijerpmqttofgxw - Copy - Copy.jpg,1
uouqxepujbrfjxlycacq - Copy - Copy.jpg,1
uxajjplgyqmklkfdzsge - Copy - Copy.jpg,1
uxdnfhbxduliledrvctf - Copy - Copy.jpg,1
uxrrzspqpgwadpfbirtw - Copy - Copy.jpg,1
vebkjhxgvdvhcifrfugk.jpg,1
vebkjhxgvdvhcifrfugk1.jpg,1
vilgmgzeastzzenbhfcz.jpg,1
vilgmgzeastzzenbhfcz1.jpg,1
vilgmgzeastzzenbhfcz2.jpg,1
